{"w": [-3.0, -2.9696969696969697, -2.9393939393939394, -2.909090909090909, -2.878787878787879, -2.8484848484848486, -2.8181818181818183, -2.787878787878788, -2.757575757575758, -2.7272727272727275, -2.696969696969697, -2.6666666666666665, -2.6363636363636362, -2.606060606060606, -2.5757575757575757, -2.5454545454545454, -2.515151515151515, -2.484848484848485, -2.4545454545454546, -2.4242424242424243, -2.393939393939394, -2.3636363636363638, -2.333333333333333, -2.3030303030303028, -2.2727272727272725, -2.242424242424242, -2.212121212121212, -2.1818181818181817, -2.1515151515151514, -2.121212121212121, -2.090909090909091, -2.0606060606060606, -2.0303030303030303, -2.0, -1.9696969696969697, -1.9393939393939394, -1.9090909090909092, -1.8787878787878787, -1.8484848484848484, -1.8181818181818181, -1.7878787878787878, -1.7575757575757576, -1.7272727272727273, -1.696969696969697, -1.6666666666666665, -1.6363636363636362, -1.606060606060606, -1.5757575757575757, -1.5454545454545454, -1.5151515151515151, -1.4848484848484849, -1.4545454545454546, -1.4242424242424243, -1.3939393939393938, -1.3636363636363635, -1.3333333333333333, -1.303030303030303, -1.2727272727272727, -1.2424242424242424, -1.2121212121212122, -1.1818181818181817, -1.1515151515151514, -1.121212121212121, -1.0909090909090908, -1.0606060606060606, -1.0303030303030303, -1.0, -0.9696969696969697, -0.9393939393939394, -0.9090909090909092, -0.8787878787878789, -0.8484848484848486, -0.8181818181818183, -0.7878787878787876, -0.7575757575757573, -0.7272727272727271, -0.6969696969696968, -0.6666666666666665, -0.6363636363636362, -0.606060606060606, -0.5757575757575757, -0.5454545454545454, -0.5151515151515151, -0.48484848484848486, -0.4545454545454546, -0.4242424242424243, -0.39393939393939403, -0.36363636363636376, -0.33333333333333304, -0.30303030303030276, -0.2727272727272725, -0.2424242424242422, -0.21212121212121193, -0.18181818181818166, -0.15151515151515138, -0.1212121212121211, -0.09090909090909083, -0.06060606060606055, -0.030303030303030276, 0.0], "Ratio": [6.1599811395402355, 6.035387129026191, 5.910610827645655, 5.785661454194141, 5.660563037681413, 5.535336735569686, 5.410008771556662, 5.284604584128289, 5.1591507518778315, 5.033676773776506, 4.908211495399968, 4.782787657762398, 4.657437586575881, 4.5321990893008035, 4.407105298349421, 4.2821937631476175, 4.157509633731763, 4.0330939025812995, 3.908991308590103, 3.7852474653785038, 3.661913612465412, 3.539039316019611, 3.4166784545628133, 3.2948894275443905, 3.17373190748377, 3.0532630859994754, 2.9335531131892054, 2.814667027930497, 2.6966768984516705, 2.579658124070164, 2.4636830654508373, 2.3488383056649837, 2.2352064514095105, 2.122875267790704, 2.0119381523498276, 1.9024913745502516, 1.7946350911308144, 1.6884751430766016, 1.58411967016103, 1.4816844981049968, 1.3812882249509926, 1.283055258396331, 1.187115835594085, 1.0936089629110484, 1.0026622809785977, 0.9144363780453801, 0.8290798996862918, 0.7467523154381865, 0.6676189285147558, 0.5918538522833074, 0.519636117479692, 0.4511548052465173, 0.38660309614031974, 0.3261865547694782, 0.27011419002583636, 0.2186078906470641, 0.17189716296523727, 0.13021823675505573, 0.09382043252882966, 0.06296130007004308, 0.037908628691312174, 0.018943407266064582, 0.006350846614964212, 0.0004357927524409888, 0.001512202797385953, 0.009902484570474712, 0.025949889326298603, 0.05000280463417539, 0.0824286222306938, 0.12360548787688685, 0.17393118930462492, 0.23381664965195625, 0.3036822147954581, 0.38397777744815187, 0.47516251495115114, 0.5777148534266416, 0.6921334231065686, 0.8189271652172323, 0.9586423480746049, 1.1118336636672694, 1.2790809047398568, 1.460987528617224, 1.6581786003258117, 1.871306391278992, 2.101047446015926, 2.348105928011563, 2.613213001312374, 2.8971315870715273, 3.2006475660362668, 3.5245886201000047, 3.8698086476646125, 4.23719768488607, 4.627679886728856, 5.042217682050861, 5.481810108136671, 5.947495137491501, 6.440348413076904, 6.961489819900365, 7.5120747051933705, 193.73521670075027]}