{"Hubble": [65.0, 65.35353535353535, 65.70707070707071, 66.06060606060606, 66.41414141414141, 66.76767676767676, 67.12121212121212, 67.47474747474747, 67.82828282828282, 68.18181818181819, 68.53535353535354, 68.88888888888889, 69.24242424242425, 69.5959595959596, 69.94949494949495, 70.3030303030303, 70.65656565656566, 71.01010101010101, 71.36363636363636, 71.71717171717172, 72.07070707070707, 72.42424242424242, 72.77777777777777, 73.13131313131314, 73.48484848484848, 73.83838383838383, 74.1919191919192, 74.54545454545455, 74.8989898989899, 75.25252525252526, 75.60606060606061, 75.95959595959596, 76.31313131313131, 76.66666666666667, 77.02020202020202, 77.37373737373737, 77.72727272727272, 78.08080808080808, 78.43434343434343, 78.78787878787878, 79.14141414141415, 79.4949494949495, 79.84848484848484, 80.20202020202021, 80.55555555555556, 80.9090909090909, 81.26262626262627, 81.61616161616162, 81.96969696969697, 82.32323232323232, 82.67676767676768, 83.03030303030303, 83.38383838383838, 83.73737373737373, 84.0909090909091, 84.44444444444444, 84.79797979797979, 85.15151515151516, 85.5050505050505, 85.85858585858585, 86.21212121212122, 86.56565656565657, 86.91919191919192, 87.27272727272728, 87.62626262626263, 87.97979797979798, 88.33333333333333, 88.68686868686869, 89.04040404040404, 89.39393939393939, 89.74747474747474, 90.1010101010101, 90.45454545454545, 90.8080808080808, 91.16161616161617, 91.51515151515152, 91.86868686868686, 92.22222222222223, 92.57575757575758, 92.92929292929293, 93.28282828282829, 93.63636363636364, 93.98989898989899, 94.34343434343434, 94.69696969696969, 95.05050505050505, 95.4040404040404, 95.75757575757575, 96.11111111111111, 96.46464646464646, 96.81818181818181, 97.17171717171718, 97.52525252525253, 97.87878787878788, 98.23232323232324, 98.58585858585859, 98.93939393939394, 99.2929292929293, 99.64646464646464, 100.0], "Ratio": [35.118155732927136, 29.887317019821637, 25.160762596911695, 20.990317165387694, 17.29185002602742, 13.998933861629538, 11.086011019584205, 8.54099051368965, 6.351999371531178, 4.507338684579992, 2.9954348955981516, 1.804778361886605, 0.9238913314201795, 0.3692769386439778, 0.046321487992997845, 0.023669296229144265, 0.2646283649192327, 0.7552644159946738, 1.4821520604928367, 2.430926254735226, 3.5859202348749335, 4.9296730869426995, 6.442219015642507, 8.100035987842645, 9.87450843805081, 11.729778204723218, 13.620374492089596, 15.491206057863778, 17.286773297562576, 18.971591907789815, 20.54080696267789, 22.008192690391695, 23.39128783614592, 24.70513537948483, 25.96123819480829, 27.168084027953114, 28.33188005336146, 29.457171576805706, 30.547304388336954, 31.604760544573594, 32.631399746512955, 33.628636002995734, 34.59756437355918, 35.53905426116688, 36.45381780352804, 37.342463021144226, 38.205527804456636, 39.043508894109664, 39.85688026998599, 40.64610858931829, 41.41166050650975, 42.154010291550065, 42.87364240725984, 43.57105388677002, 44.24675369315446, 44.90126334867708, 45.53511473998242, 46.14884753605182, 46.74300879925951, 47.31814967894476, 47.87482286570153, 48.41358123899269, 48.934975257154406, 49.43955088212323, 49.927848411082095, 50.40040016454114, 50.85772980150159, 51.30035055497217, 51.728764662291724, 52.14346229134591, 52.54492090358056, 52.93360500831355, 53.30996545528569, 53.67443937690578, 54.02744999663284, 54.36940673941473, 54.70070496169433, 55.02172647291144, 55.33283939507578, 55.63439843027035, 55.92674528589211, 56.21020891931934, 56.48510582795987, 56.75174031616123, 57.010405007263614, 57.261381175913726, 57.50493898566049, 57.74133814020337, 57.970827983445275, 58.193648082593796, 58.41002854098576, 58.62019016879336, 58.824345244886445, 59.022697582969386, 59.21544281136471, 59.402768961601026, 59.584856609422815, 59.761879119585046, 59.9340032357631, 60.10138905220569]}