{"Omega_m": [0.0, 0.010101010101010102, 0.020202020202020204, 0.030303030303030304, 0.04040404040404041, 0.05050505050505051, 0.06060606060606061, 0.07070707070707072, 0.08080808080808081, 0.09090909090909091, 0.10101010101010102, 0.11111111111111112, 0.12121212121212122, 0.13131313131313133, 0.14141414141414144, 0.15151515151515152, 0.16161616161616163, 0.17171717171717174, 0.18181818181818182, 0.19191919191919193, 0.20202020202020204, 0.21212121212121213, 0.22222222222222224, 0.23232323232323235, 0.24242424242424243, 0.25252525252525254, 0.26262626262626265, 0.27272727272727276, 0.2828282828282829, 0.29292929292929293, 0.30303030303030304, 0.31313131313131315, 0.32323232323232326, 0.33333333333333337, 0.3434343434343435, 0.3535353535353536, 0.36363636363636365, 0.37373737373737376, 0.38383838383838387, 0.393939393939394, 0.4040404040404041, 0.4141414141414142, 0.42424242424242425, 0.43434343434343436, 0.4444444444444445, 0.4545454545454546, 0.4646464646464647, 0.4747474747474748, 0.48484848484848486, 0.494949494949495, 0.5050505050505051, 0.5151515151515152, 0.5252525252525253, 0.5353535353535354, 0.5454545454545455, 0.5555555555555556, 0.5656565656565657, 0.5757575757575758, 0.5858585858585859, 0.595959595959596, 0.6060606060606061, 0.6161616161616162, 0.6262626262626263, 0.6363636363636365, 0.6464646464646465, 0.6565656565656566, 0.6666666666666667, 0.6767676767676768, 0.686868686868687, 0.696969696969697, 0.7070707070707072, 0.7171717171717172, 0.7272727272727273, 0.7373737373737375, 0.7474747474747475, 0.7575757575757577, 0.7676767676767677, 0.7777777777777778, 0.787878787878788, 0.797979797979798, 0.8080808080808082, 0.8181818181818182, 0.8282828282828284, 0.8383838383838385, 0.8484848484848485, 0.8585858585858587, 0.8686868686868687, 0.8787878787878789, 0.888888888888889, 0.8989898989898991, 0.9090909090909092, 0.9191919191919192, 0.9292929292929294, 0.9393939393939394, 0.9494949494949496, 0.9595959595959597, 0.9696969696969697, 0.9797979797979799, 0.98989898989899, 1.0], "Ratio": [1.0960983359614858, 1.0481026802622893, 0.9999645211306216, 0.9517277259780599, 0.9034291724372849, 0.855123896650781, 0.8068654442010654, 0.7587138768157473, 0.7107389275693805, 0.6630127189737465, 0.6156223749812426, 0.5686599857347261, 0.5222301146957591, 0.47644773905830107, 0.43144087431035416, 0.3873526668308074, 0.34434255971690675, 0.3025866088821516, 0.262280979284256, 0.22364723103495976, 0.18692705672231114, 0.15239408106161534, 0.12035233508689203, 0.09114097888908645, 0.06514057163145992, 0.0427721913317356, 0.024513368805116897, 0.010894532100920173, 0.002513472880892209, 4.017414114798612e-05, 0.004226479480962553, 0.015919627575712525, 0.036073512414418474, 0.06576610916610548, 0.10620123510582857, 0.15875992527102767, 0.22498924533540787, 0.306644067763699, 0.40571396011247884, 0.5244545122913848, 0.6654259271181218, 0.8315336791873591, 1.0260787725529497, 1.2528107065282654, 1.5159842221247288, 1.8204259441851178, 2.171598193854564, 2.575673248401941, 3.0395947933473195, 3.571130092615576, 4.1789110788409545, 4.87242306053983, 5.661945480708781, 6.558406779340771, 7.5731356861204375, 8.717496333442625, 10.002419230981346, 11.437886546874395, 13.032433786487644, 14.792768894153383, 16.72356320633932, 18.827436520449055, 21.10509695349012, 23.55558644801323, 26.17658544654489, 28.964695618634494, 31.915713126103526, 35.024857492763516, 38.28695801457769, 41.69658961415303, 45.24821375560742, 48.936234187316984, 52.755083103917514, 56.699256419210144, 60.763360051094736, 64.94212489226584, 69.23042863210404, 73.62330491307077, 78.11595692943098, 82.70375014521181, 87.38222235304025, 92.14707882230465, 96.99419002066259, 101.91959028952385, 106.91947345284689, 111.9901851895458, 117.12822455454267, 122.330232497411, 127.5929904688733, 132.91341495292866, 138.28855006462413, 143.71556480128154, 149.19174822114732, 154.7145024958481, 160.28133921737478, 165.88987541895298, 171.5378282426257, 177.22301087411088, 182.94332885165707, 188.69677562648505]}