{"Omega_l": [0.0, 0.011111111111111112, 0.022222222222222223, 0.03333333333333333, 0.044444444444444446, 0.05555555555555556, 0.06666666666666667, 0.07777777777777778, 0.08888888888888889, 0.1, 0.11111111111111112, 0.12222222222222223, 0.13333333333333333, 0.14444444444444446, 0.15555555555555556, 0.16666666666666669, 0.17777777777777778, 0.18888888888888888, 0.2, 0.2111111111111111, 0.22222222222222224, 0.23333333333333334, 0.24444444444444446, 0.2555555555555556, 0.26666666666666666, 0.2777777777777778, 0.2888888888888889, 0.3, 0.3111111111111111, 0.32222222222222224, 0.33333333333333337, 0.34444444444444444, 0.35555555555555557, 0.3666666666666667, 0.37777777777777777, 0.3888888888888889, 0.4, 0.41111111111111115, 0.4222222222222222, 0.43333333333333335, 0.4444444444444445, 0.45555555555555555, 0.4666666666666667, 0.4777777777777778, 0.48888888888888893, 0.5, 0.5111111111111112, 0.5222222222222223, 0.5333333333333333, 0.5444444444444445, 0.5555555555555556, 0.5666666666666667, 0.5777777777777778, 0.5888888888888889, 0.6, 0.6111111111111112, 0.6222222222222222, 0.6333333333333333, 0.6444444444444445, 0.6555555555555556, 0.6666666666666667, 0.6777777777777778, 0.6888888888888889, 0.7000000000000001, 0.7111111111111111, 0.7222222222222222, 0.7333333333333334, 0.7444444444444445, 0.7555555555555555, 0.7666666666666667, 0.7777777777777778, 0.788888888888889, 0.8, 0.8111111111111111, 0.8222222222222223, 0.8333333333333334, 0.8444444444444444, 0.8555555555555556, 0.8666666666666667, 0.8777777777777778, 0.888888888888889, 0.9, 0.9111111111111111, 0.9222222222222223, 0.9333333333333333, 0.9444444444444445, 0.9555555555555556, 0.9666666666666667, 0.9777777777777779, 0.9888888888888889, 1.0, 1.011111111111111, 1.0222222222222224, 1.0333333333333334, 1.0444444444444445, 1.0555555555555556, 1.0666666666666667, 1.0777777777777777, 1.088888888888889, 1.1], "Ratio": [193.73521566319667, 187.34510589759142, 180.99160525950785, 174.6772855749825, 168.4048512277395, 162.17714084105077, 155.99714536259907, 149.86800498220063, 143.79302544446458, 137.77568204429272, 131.81963348487588, 125.92872972403157, 120.10701992840472, 114.35876946079509, 108.68846765964349, 103.10083723591748, 97.60085037343077, 92.19374204368702, 86.88501209488064, 81.68045272494652, 76.5861454925886, 71.60847472942172, 66.75414114131215, 62.030156124993766, 57.443846731850215, 53.002845469548674, 48.71507323299846, 44.58870458558266, 40.63211767597926, 36.85380866062695, 33.26227895983877, 29.865854094727183, 26.672448873504948, 23.689231337194798, 20.92219359118613, 18.37560493913685, 16.051391203806418, 13.948494470797712, 12.062370884182585, 10.384771586953576, 8.903974373493497, 7.605471782347237, 6.472983149209895, 5.489536154890686, 4.638402941386531, 3.903773795974402, 3.271144364330823, 2.727487977118159, 2.2612706719333033, 1.8623717059072504, 1.5219779632454191, 1.232431894981815, 0.9870991915661875, 0.7802383702162246, 0.6068810920960743, 0.4627256133481552, 0.34404769019073456, 0.2476204832886708, 0.17062776181326456, 0.11064908162174447, 0.0655427775301547, 0.03347337677922724, 0.012821323429292875, 0.0021732263539462338, 0.0002925575528962554, 0.0060942720675711826, 0.018629754077352345, 0.0370483903866301, 0.0606277502491821, 0.08870436176403018, 0.12071178952730577, 0.15613939627344564, 0.1945392750978101, 0.23551488403832366, 0.27870800802391216, 0.323811275221459, 0.3705454014042431, 0.4186635394297866, 0.46794565426957035, 0.5181982797067519, 0.5692481142038588, 0.620939606901274, 0.6731344081619142, 0.7257129067319141, 0.7785658131361828, 0.8315968618233995, 0.8847155400586502, 0.9378510189224158, 0.9909337695992946, 1.0439027518679609, 1.09670474616334, 1.1492929909954483, 1.2016272959205452, 1.2536679732043439, 1.3053820015737756, 1.3567451227198433, 1.407730431945211, 1.4583199010627084, 1.508485106972472, 1.5582193323601103]}