{"Omega_l": [0.74, 22.38367042385103, 5.596076304859208, 2.4872627207767053, 1.399177182317288, 0.8955497644064896, 0.6219737869252974, 0.4570163230558789, 0.34995268422601267, 0.27655016079737027, 0.27655016079737027, 22.49305698516716, 5.705501253867821, 2.596751586612916, 1.5087527328166002, 1.005231601684961, 0.7317790834245307, 0.5669585123970091, 0.4600420941996982, 0.3867942558522623, 0.3867942558522623, 22.60246719459489, 5.8150288709462625, 2.706460843766549, 1.6186986687201008, 1.1154521602629541, 0.842298593099978, 0.677788224492408, 0.5711823806339023, 0.4982375667620846, 0.4982375667620846, 22.711905923844792, 5.924655957132785, 2.81637491030412, 1.7289694867157488, 1.226116598700667, 0.9533680951541996, 0.7892531788074826, 0.6830202979130886, 0.6104185099424514, 0.6104185099424514, 22.821372483155564, 6.034377876206228, 2.926478923678661, 1.8395272431416898, 1.3371541853668303, 1.0648747130634248, 0.9011949770345472, 0.7953542416057384, 0.723098743571108, 0.723098743571108, 22.930864313143573, 6.144191294045381, 3.03675984283834, 1.9503425031712678, 1.4485093469173953, 1.1767352185203244, 1.0135081303448081, 0.908059244579916, 0.8361386450021837, 0.8361386450021837, 23.040377084968107, 6.254094771495568, 3.147205331436008, 2.0613885477749805, 1.5601381680718887, 1.2888898759478926, 1.126117430177139, 1.0210519606971513, 0.9494521086190364, 0.9494521086190364, 23.149916710555118, 6.3640832395120635, 3.2578072132414237, 2.172641946875884, 1.6720051029164753, 1.4012916334352084, 1.2389688363359026, 1.1342747328900167, 1.062980237140306, 1.062980237140306, 23.259484609815594, 6.474156153795261, 3.3685527919149436, 2.2840841950295285, 1.7840802960770956, 1.5139044739861518, 1.3520216087805066, 1.247685863514346, 1.176682333820729, 1.176682333820729, 23.36907064941597, -7.73091107725428, -4.936167643475951, -3.407237114266259, -2.874821015806609, -3.1298952593548126, -3.2717974385346, -2.3324606914520194, -2.427619775811918], "Omega_m": [0.0, 0.0, 0.0, 0.0, 0.0, 0.0, 0.0, 0.0, 0.0, 0.0, 0.2222222222222222, 0.2222222222222222, 0.2222222222222222, 0.2222222222222222, 0.2222222222222222, 0.2222222222222222, 0.2222222222222222, 0.2222222222222222, 0.2222222222222222, 0.2222222222222222, 0.4444444444444444, 0.4444444444444444, 0.4444444444444444, 0.4444444444444444, 0.4444444444444444, 0.4444444444444444, 0.4444444444444444, 0.4444444444444444, 0.4444444444444444, 0.4444444444444444, 0.6666666666666666, 0.6666666666666666, 0.6666666666666666, 0.6666666666666666, 0.6666666666666666, 0.6666666666666666, 0.6666666666666666, 0.6666666666666666, 0.6666666666666666, 0.6666666666666666, 0.8888888888888888, 0.8888888888888888, 0.8888888888888888, 0.8888888888888888, 0.8888888888888888, 0.8888888888888888, 0.8888888888888888, 0.8888888888888888, 0.8888888888888888, 0.8888888888888888, 1.1111111111111112, 1.1111111111111112, 1.1111111111111112, 1.1111111111111112, 1.1111111111111112, 1.1111111111111112, 1.1111111111111112, 1.1111111111111112, 1.1111111111111112, 1.1111111111111112, 1.3333333333333333, 1.3333333333333333, 1.3333333333333333, 1.3333333333333333, 1.3333333333333333, 1.3333333333333333, 1.3333333333333333, 1.3333333333333333, 1.3333333333333333, 1.3333333333333333, 1.5555555555555554, 1.5555555555555554, 1.5555555555555554, 1.5555555555555554, 1.5555555555555554, 1.5555555555555554, 1.5555555555555554, 1.5555555555555554, 1.5555555555555554, 1.5555555555555554, 1.7777777777777777, 1.7777777777777777, 1.7777777777777777, 1.7777777777777777, 1.7777777777777777, 1.7777777777777777, 1.7777777777777777, 1.7777777777777777, 1.7777777777777777, 1.7777777777777777, 2.0, 2.0, 2.0, 2.0, 2.0, 2.0, 2.0, 2.0, 2.0, 2.0], "Omega_k": [0.02, 17.4834981060544, 4.370646314842178, 1.942340192135104, 1.0924339420507616, 0.6990479286140316, 0.485357408086654, 0.35650853979896174, 0.27288050820040444, 0.21554549206791435, 0.21554549206791435, 17.15192766231015, 4.039036786659965, 1.610665656145547, 0.760671041582128, 0.3671768749679324, 0.15336069933367621, 0.02437256473737557, -0.05940497374102756, -0.11689705218225005, -0.11689705218225005, 16.820333656181823, 3.7073229388467333, 1.2787666402875288, 0.42853104876364645, 0.03475777704297574, -0.17936193503801173, -0.3086644733084618, -0.3927564492587067, -0.45055477115688475, -0.45055477115688475, 16.488710448054412, 3.375507453984595, 0.9466590433326995, 0.09606092078446793, -0.2981118665544663, -0.5126418677868235, -0.6423442004536832, -0.7268124139518709, -0.7849561383261918, -0.7849561383261918, 16.15705824443957, 3.0435954411214556, 0.6143583395348607, -0.2367005579895216, -0.6313595673726349, -0.846363681755902, -0.9765048496931382, -1.0613677029311883, -1.1198592292037781, -1.1198592292037781, 15.825380651694463, 2.711590314118631, 0.28187788145966536, -0.5697231243971728, -0.9649284102451747, -1.180442452551211, -1.3110393272609517, -1.3962956776647504, -1.4551229247172746, -1.4551229247172746, 15.493681759065378, 2.379493613980271, -0.050769744019368845, -0.9029794628071819, -1.29877363890159, -1.5148175231419447, -1.6458712505677309, -1.7315121047194784, -1.790660397025087, -1.790660397025087, 15.161955898266616, 2.0473103665728396, -0.38357598104847984, -1.2364454332922847, -1.632858907153686, -1.8494410028073796, -1.9809460695998502, -2.066958817159619, -2.126412550143855, -2.126412550143855, 14.830200519652276, 1.7150412712044543, -0.716527983342718, -1.570102201137045, -1.9671540195275865, -2.184276535965954, -2.3162225590914076, -2.402594005524973, -2.4623385588054196, -2.4623385588054196, 14.498427075645385, 15.363858116688892, 7.213382860875791, 3.834439930950367, 2.419441416909919, 2.193083916769658, 2.043304724495262, 0.93665993926549, 0.9018702149098893], "w": [-1.0, -0.8987599160582733, -0.8987757878859135, -0.8988024351089625, -0.8988387904941075, -0.8988869168095293, -0.8989442275058083, -0.8990125263158002, -0.8990921244904395, -0.8991817789008009, -0.8991817789008009, -0.8991329847264888, -0.9002540724289143, -0.9020780626060312, -0.9045412342365757, -0.9075631963836598, -0.9110492479889711, -0.9149008800229357, -0.9190180576053819, -0.9233075917668498, -0.9233075917668498, -0.8995035680746352, -0.9016973344017984, -0.9051834877334, -0.9097353238797807, -0.9150823531741598, -0.9209476690554453, -0.927076663116067, -0.933254840834888, -0.939316560301007, -0.939316560301007, -0.8998721153870318, -0.9031069654806515, -0.9081308148955101, -0.9144808359832178, -0.9216497375883002, -0.929174105634426, -0.9366814882404526, -0.9439090040419742, -0.9506938899782396, -0.9506938899782396, -0.9002386613159061, -0.9044835717431603, -0.9109305285161922, -0.9188305837437123, -0.9274314392525694, -0.9361147976485581, -0.9444489192018826, -0.9521845944142979, -0.9592080311103222, -0.9592080311103222, -0.9006028783040625, -0.9058281830818598, -0.9135928543136701, -0.922831532379531, -0.9325584315323732, -0.9420472367484523, -0.9508637267945366, -0.9588061474290233, -0.9658312012638066, -0.9658312012638066, -0.9009647620998819, -0.907142143670213, -0.9161269547053038, -0.9265229621662738, -0.9371355803440076, -0.9471784883235914, -0.9562533832483164, -0.9642310845919896, -0.9711421945096874, -0.9711421945096874, -0.9013244625956265, -0.9084259376936656, -0.9185423167192048, -0.9299381607399602, -0.9412465807658021, -0.9516615466413261, -0.9608490266099168, -0.9687626648375098, -0.9755039193060646, -0.9755039193060646, -0.9016823318645327, -0.9096810135583145, -0.9208457242751298, -0.9331073955859182, -0.944959529729977, -0.955613761488864, -0.9648167695166296, -0.9726097247195438, -0.9791565954372194, -0.9791565954372194, -0.9020377352437472, -2.1055838396559112, -2.059123335616125, -2.064931125203449, -2.051749052397914, -1.994019341038907, -1.9609601146321003, -2.0266189630557987, -2.0041534226546664],