{"Omega_l": [0.9630103826813259, 0.8523978198035753, 0.7607265384673184, 0.6839069560567685, 0.6188967602689225, 0.5633941395409174, 0.515631291873581, 0.4742342641097629, 0.43812057944155514, 0.40642808905418, 0.9849521016256443, 0.874348458946302, 0.782686530379437, 0.7058764779478159, 0.6408758674027268, 0.5853829728053837, 0.5376312180090953, 0.4962449286398205, 0.46014256039630225, 0.42846123627995414, 1.0069170755573793, 0.8963244658551013, 0.8046741938550296, 0.7278767298848399, 0.6628885911927891, 0.6074091641699945, 0.5596702554117391, 0.5182978748687181, 0.4822089151397775, 0.45054197981838273, 1.0289037086673072, 0.9183242760176507, 0.8266885811511522, 0.7499057315551871, 0.6849331028741222, 0.6294687066054461, 0.581745650738261, 0.5403895441542879, 0.5043168456234148, 0.472666133829193, 1.0509111822727721, 0.9403478181453722, 0.8487283185750987, 0.7719621419097633, 0.7070069444362173, 0.6515602177371222, 0.6038550672094725, 0.562516868163867, 0.5264623788007148, 0.4948297295799673, 1.0729383726832065, 0.9623928946157516, 0.8707919976868171, 0.7940450580575573, 0.7291086834170488, 0.6736816207105354, 0.6259962986435541, 0.5846776260332588, 0.5486429986789176, 0.5170305905654298, 1.0949848592669233, 0.9844596621038653, 0.8928788619812527, 0.8161526938043908, 0.7512371539338771, 0.6958310633627485, 0.648166708444352, 0.6068693609004786, 0.5708555158159474, 0.5392638932906884, 1.1170498887768974, 1.006546623580125, 0.9149880255755842, 0.8382837852312672, 0.7733912501794137, 0.7180075019595358, 0.6703652340987516, 0.6290904047331578, 0.5930991494031697, 0.5615292037766026, 1.1391336740304219, 1.0286531994804122, 0.937118182107286, 0.8604375229592558, 0.7955685273686348, 0.7402083400319027, 0.6925898795235719, 0.6513382508936232, 0.6153699176676799, 0.5838229870706959, 1.161233478533895, 1.0507778225434898, 0.9592680401135518, 0.8826118341549511, 0.8177676873512946, 0.7624327113085736, 0.7148390399034458, 0.6736118847082018, 0.6376673414429339, 0.6061435655246927], "Omega_m": [0.1, 0.1, 0.1, 0.1, 0.1, 0.1, 0.1, 0.1, 0.1, 0.1, 0.14444444444444446, 0.14444444444444446, 0.14444444444444446, 0.14444444444444446, 0.14444444444444446, 0.14444444444444446, 0.14444444444444446, 0.14444444444444446, 0.14444444444444446, 0.14444444444444446, 0.18888888888888888, 0.18888888888888888, 0.18888888888888888, 0.18888888888888888, 0.18888888888888888, 0.18888888888888888, 0.18888888888888888, 0.18888888888888888, 0.18888888888888888, 0.18888888888888888, 0.23333333333333334, 0.23333333333333334, 0.23333333333333334, 0.23333333333333334, 0.23333333333333334, 0.23333333333333334, 0.23333333333333334, 0.23333333333333334, 0.23333333333333334, 0.23333333333333334, 0.2777777777777778, 0.2777777777777778, 0.2777777777777778, 0.2777777777777778, 0.2777777777777778, 0.2777777777777778, 0.2777777777777778, 0.2777777777777778, 0.2777777777777778, 0.2777777777777778, 0.32222222222222224, 0.32222222222222224, 0.32222222222222224, 0.32222222222222224, 0.32222222222222224, 0.32222222222222224, 0.32222222222222224, 0.32222222222222224, 0.32222222222222224, 0.32222222222222224, 0.3666666666666667, 0.3666666666666667, 0.3666666666666667, 0.3666666666666667, 0.3666666666666667, 0.3666666666666667, 0.3666666666666667, 0.3666666666666667, 0.3666666666666667, 0.3666666666666667, 0.4111111111111111, 0.4111111111111111, 0.4111111111111111, 0.4111111111111111, 0.4111111111111111, 0.4111111111111111, 0.4111111111111111, 0.4111111111111111, 0.4111111111111111, 0.4111111111111111, 0.4555555555555556, 0.4555555555555556, 0.4555555555555556, 0.4555555555555556, 0.4555555555555556, 0.4555555555555556, 0.4555555555555556, 0.4555555555555556, 0.4555555555555556, 0.4555555555555556, 0.5, 0.5, 0.5, 0.5, 0.5, 0.5, 0.5, 0.5, 0.5, 0.5], "Omega_k": [0.5639822500348253, 0.47756674134410027, 0.4059459634941329, 0.345925163109863, 0.29512732737329517, 0.25175484080145927, 0.21442841677876856, 0.18207338159742154, 0.15384406018052424, 0.1290675777954965, 0.4976025581493808, 0.411177964812076, 0.33954764543490207, 0.2795171413472223, 0.22870953778950004, 0.18532720511694803, 0.14798949644394332, 0.11562356737974085, 0.08738272169109035, 0.06259489196716338, 0.4311991525634713, 0.3447634260879745, 0.27312124463192095, 0.21307789188284043, 0.16225762999916596, 0.11886157950290391, 0.08151083784448723, 0.049130770855518154, 0.020876309169810474, -0.003926144094059836, 0.36477378250048, 0.2783245937494425, 0.2066675987860459, 0.1466094468078673, 0.0957733985944797, 0.05236210129544654, 0.014995211375952836, -0.01740138899930732, -0.04567231204076845, -0.07049121094956368, 0.29832717177188683, 0.21186165798543405, 0.14018821975919904, 0.08011313697262915, 0.02925935721775249, -0.014169885998795673, -0.05155487649465462, -0.08396966235640707, -0.11225906901170365, -0.1370962505132658, 0.23186061333958963, 0.1453768378272412, 0.07368449269281202, 0.013589829751930422, -0.037282954446627624, -0.08073211609264805, -0.11813727855702148, -0.1505718251846163, -0.17888134816355145, -0.20373906420409715, 0.16537433739556862, 0.07887004577812898, 0.007157247300985766, -0.05295847241298918, -0.10385242103329051, -0.14732289631538092, -0.1847492426184541, -0.21720538043165466, -0.24553593897920228, -0.27041467863136304, 0.09886916258441085, 0.012342665520726544, -0.05939259262392928, -0.1195305606857994, -0.1704479066410894, -0.21394092931568337, -0.2513896743114422, -0.28386864867033046, -0.31222204259877107, -0.33712267451714845, 0.03234505328804366, -0.054204593107174584, -0.12596380332414364, -0.1861256711824567, -0.23706678327403607, -0.2805837210766672, -0.31805656191106135, -0.35055896447924995, -0.3789355312591624, -0.403859434474234, -0.034195308077586306, -0.12077017925522601, -0.19255494505891552, -0.25274161935811146, -0.3037078729709214, -0.3472503033390677, -0.38474819346352834, -0.4172753335348267, -0.4456759917690992, -0.47062319739200686], "w": [-0.9028687505770143, -0.9034143546966324, -0.9039895845150965, -0.9045934061951113, -0.9052256400764471, -0.9058854213575883, -0.9065692606103223, -0.9072779501938142, -0.9080110161678037, -0.9087666109871091, -0.9045574165715546, -0.9053151062014366, -0.9061104921568383, -0.9069420097434862, -0.9078078476523324, -0.9087063191447781, -0.9096365222770545, -0.9105940785951584, -0.9115804913673383, -0.912590466470705, -0.9061995306931182, -0.9071549846883757, -0.9081548150017686, -0.9091969302988351, -0.9102765469996774, -0.9113932158646787, -0.9125416519214182, -0.9137207685927866, -0.9149270276567076, -0.9161588098807893, -0.9077955567490379, -0.9089366342666706, -0.9101276302070362, -0.9113628010114474, -0.9126389560461603, -0.9139513294144456, -0.9152969020604549, -0.916672480092205, -0.9180724381874066, -0.9194950646398876, -0.9093473337433556, -0.9106636612217216, -0.9120315605513809, -0.9134451583342242, -0.9149005754800816, -0.9163911896901298, -0.9179128112790884, -0.9194616939068911, -0.921032054798866, -0.9226198417196947, -0.9108561038265277, -0.9123368767807805, -0.9138702130855836, -0.9154495009228922, -0.9170673903245947, -0.9187197579426951, -0.9204000126870328, -0.9221023855373621, -0.9238220851264896, -0.9255550272170343, -0.9123243702767068, -0.9139597837851523, -0.9156468539253109, -0.9173786834931055, -0.919146353894811, -0.9209449121084612, -0.9227662684707769, -0.9246054647399073, -0.9264552782970508, -0.9283119173062684, -0.9137534246302191, -0.915534014799384, -0.9173647366496656, -0.919236821559611, -0.9211429421468047, -0.9230732628814979, -0.9250213112300263, -0.9269820835150255, -0.9289474494915217, -0.9309113975332884, -0.9151453761601445, -0.9170617783361182, -0.9190264277224709, -0.9210283662259443, -0.9230591801785673, -0.9251097177251943, -0.9271721718147127, -0.9292399601532352, -0.9313054452312444, -0.9333633769136697, -0.9164993366575507, -0.9185441970089783, -0.9206336872185366, -0.9227552026799622, -0.9249005501437513, -0.9270603845517669, -0.9292255432106684, -0.9313891449123481, -0.9335428273056278, -0.9356805706206113],