{
  "Omega_l": [
    0.0, 0.0, 0.0, 0.0, 0.6666666666666666, 0.6666666666666666,
    0.6666666666666666, 0.6666666666666666, 1.3333333333333333,
    1.3333333333333333, 1.3333333333333333, 1.3333333333333333, 2.0, 2.0, 2.0,
    2.0
  ],
  "Omega_m": [
    0.0, 0.6666666666666666, 1.3333333333333333, 2.0, 0.0, 0.6666666666666666,
    1.3333333333333333, 2.0, 0.0, 0.6666666666666666, 1.3333333333333333, 2.0,
    0.0, 0.6666666666666666, 1.3333333333333333, 2.0
  ],
  "w": [
    -1.0528542350977657, -1.0561155758769016, -1.092773671075701,
    -1.083151204959722, -1.1041016738905796, -0.38696535842688723,
    0.7238506101050646, 1.8612079045990932, -1.5019516822744587,
    -1.2953140526351137, -1.0430213966054573, -0.734207941249611, -1.0,
    -1.4812220798063302, -1.346665883547203, -1.1946531463215266
  ],
  "Hubble": [
    64.35040708631277, 62.25319437723374, 60.51168604940176, 59.01508130563889,
    69.98818316287338, 70.5268175807582, 70.80818754766909, 69.988424489187,
    69.39280253697967, 69.66325180556542, 70.03025012902215, 70.46045626656223,
    70.0, 69.22431461701905, 69.44991450424439, 69.73245548491774
  ],
  "Ratio": [
    87.25090603644429,
    157.74401182845438,
    230.99896863282547,
    304.3720061497278,
    0.30819604699848924,
    1.3549887058053116,
    10.706424352037118,
    36.17507523330676,
    2.283046155151922,
    1.1778230762416655,
    0.32635255352342085,
    0.7250226409978495,
    NaN,
    3.1734040809578232,
    2.0156985405587022,
    0.9407461896222031
  ]
}
