{
  "Omega_l": [
    0.0, 0.0, 0.0, 0.0, 0.6666666666666666, 0.6666666666666666,
    0.6666666666666666, 0.6666666666666666, 1.3333333333333333,
    1.3333333333333333, 1.3333333333333333, 1.3333333333333333, 2.0, 2.0, 2.0,
    2.0
  ],
  "Omega_m": [
    0.0, 0.6666666666666666, 1.3333333333333333, 2.0, 0.0, 0.6666666666666666,
    1.3333333333333333, 2.0, 0.0, 0.6666666666666666, 1.3333333333333333, 2.0,
    0.0, 0.6666666666666666, 1.3333333333333333, 2.0
  ],
  "Ratio": [
    87.08605399979655,
    157.57915979180663,
    230.83411659617772,
    304.20715411308004,
    0.14334394722536103,
    1.190137448257957,
    10.541572357251056,
    36.01022342055279,
    NaN,
    1.012970840205,
    0.16150055363068816,
    0.5601702815889809,
    NaN,
    3.0085521821496,
    1.8508469159686456,
    0.7758942308450116
  ]
}
