{
  "Omega_l": [
    0.0, 0.0, 0.0, 0.0, 0.0, 0.5, 0.5, 0.5, 0.5, 0.5, 1.0, 1.0, 1.0, 1.0, 1.0,
    1.5, 1.5, 1.5, 1.5, 1.5, 2.0, 2.0, 2.0, 2.0, 2.0
  ],
  "Hubble": [
    0.0, 25.0, 50.0, 75.0, 100.0, 0.0, 25.0, 50.0, 75.0, 100.0, 0.0, 25.0, 50.0,
    75.0, 100.0, 0.0, 25.0, 50.0, 75.0, 100.0, 0.0, 25.0, 50.0, 75.0, 100.0
  ],
  "Ratio": [
    Infinity,
    3768.620605963869,
    739.6425688333075,
    170.1431560979171,
    3007.147668089748,
    Infinity,
    3759.3784691372775,
    726.4089364232065,
    17.661553662479548,
    23.886302133380156,
    Infinity,
    3750.234675296222,
    714.3170079218856,
    19.424489185422686,
    218.46855945537166,
    Infinity,
    3741.1868661822646,
    703.1471349669728,
    19.14842334090912,
    299.5492855162655,
    NaN,
    NaN,
    NaN,
    NaN,
    NaN
  ]
}
